product_id,product_name,category,sub_category,brand_tier,base_price,cost_price,margin_pct,discount_sensitivity,avg_discount_given_pct
PROD0001,Smartphones - Model 0001,Electronics,Smartphones,Budget,16080.59,12079.74,0.2488,0.74,25.03
PROD0002,Skincare - Model 0002,Beauty,Skincare,Budget,331.83,303.82,0.0844,0.72,10.54
PROD0003,Laptops - Model 0003,Electronics,Laptops,Mid,14929.35,9730.95,0.3482,0.44,32.36
PROD0004,Beverages - Model 0004,Grocery,Beverages,Mid,127.72,92.52,0.2756,0.68,20.18
PROD0005,Audio - Model 0005,Electronics,Audio,Budget,4844.83,4371.49,0.0977,0.34,20.21
PROD0006,Makeup - Model 0006,Beauty,Makeup,Premium,3030.8,1444.78,0.5233,0.43,12.5
PROD0007,Lighting - Model 0007,Home,Lighting,Mid,11461.51,8468.91,0.2611,0.36,29.99
PROD0008,Footwear - Model 0008,Apparel,Footwear,Budget,859.33,687.81,0.1996,0.43,5.34
PROD0009,Audio - Model 0009,Electronics,Audio,Mid,5307.88,4066.9,0.2338,0.89,19.8
PROD0010,Haircare - Model 0010,Beauty,Haircare,Budget,1260.31,1070.13,0.1509,0.74,18.42
PROD0011,Furniture - Model 0011,Home,Furniture,Premium,17423.33,9701.31,0.4432,0.46,8.56
PROD0012,Organic - Model 0012,Grocery,Organic,Budget,43.2,39.11,0.0947,0.31,25.64
PROD0013,Laptops - Model 0013,Electronics,Laptops,Budget,12215.52,10777.75,0.1177,0.78,13.83
PROD0014,Audio - Model 0014,Electronics,Audio,Premium,59732.96,38073.79,0.3626,0.11,8.45
PROD0015,Organic - Model 0015,Grocery,Organic,Budget,32.98,26.67,0.1913,0.71,33.84
PROD0016,Makeup - Model 0016,Beauty,Makeup,Premium,3801.45,2045.56,0.4619,0.42,13.75
PROD0017,Accessories - Model 0017,Electronics,Accessories,Budget,22217.19,17553.8,0.2099,0.75,5.45
PROD0018,Beverages - Model 0018,Grocery,Beverages,Premium,706.49,329.79,0.5332,0.28,11.85
PROD0019,Beverages - Model 0019,Grocery,Beverages,Mid,157.62,112.82,0.2842,0.32,17.68
PROD0020,Kitchen - Model 0020,Home,Kitchen,Mid,9849.93,7310.62,0.2578,0.44,26.24
PROD0021,Wellness - Model 0021,Beauty,Wellness,Premium,3096.6,1280.13,0.5866,0.22,2.34
PROD0022,Accessories - Model 0022,Electronics,Accessories,Mid,34990.5,23849.52,0.3184,0.39,20.59
PROD0023,Wellness - Model 0023,Beauty,Wellness,Budget,473.75,417.28,0.1192,0.67,20.33
PROD0024,Snacks - Model 0024,Grocery,Snacks,Budget,160.6,143.77,0.1048,0.58,12.59
PROD0025,Haircare - Model 0025,Beauty,Haircare,Mid,282.33,171.06,0.3941,0.78,12.63
PROD0026,Furniture - Model 0026,Home,Furniture,Budget,2873.38,2366.23,0.1765,0.62,17.04
PROD0027,Snacks - Model 0027,Grocery,Snacks,Mid,283.7,222.9,0.2143,0.37,23.71
PROD0028,Skincare - Model 0028,Beauty,Skincare,Budget,1420.95,1099.39,0.2263,0.55,11.53
PROD0029,Snacks - Model 0029,Grocery,Snacks,Mid,520.2,343.18,0.3403,0.63,23.06
PROD0030,Laptops - Model 0030,Electronics,Laptops,Budget,18860.01,15693.41,0.1679,0.5,5.59
PROD0031,Kitchen - Model 0031,Home,Kitchen,Premium,24755.96,15383.35,0.3786,0.16,8.29
PROD0032,Lighting - Model 0032,Home,Lighting,Premium,23749.36,14536.98,0.3879,0.14,10.49
PROD0033,Footwear - Model 0033,Apparel,Footwear,Mid,3498.73,2791.64,0.2021,0.32,34.59
PROD0034,Wellness - Model 0034,Beauty,Wellness,Budget,1121.86,960.99,0.1434,0.39,34.34
PROD0035,Fragrances - Model 0035,Beauty,Fragrances,Budget,519.43,402.35,0.2254,0.6,33.7
PROD0036,Footwear - Model 0036,Apparel,Footwear,Budget,1170.15,886.97,0.242,0.58,20.9
PROD0037,Beverages - Model 0037,Grocery,Beverages,Budget,134.65,118.1,0.1229,0.61,13.92
PROD0038,Accessories - Model 0038,Electronics,Accessories,Budget,21434.64,17889.35,0.1654,0.77,10.61
PROD0039,Wearables - Model 0039,Electronics,Wearables,Mid,23933.88,18587.05,0.2234,0.74,30.17
PROD0040,Makeup - Model 0040,Beauty,Makeup,Budget,1328.36,1015.93,0.2352,0.53,16.18
PROD0041,Kitchen - Model 0041,Home,Kitchen,Mid,5663.6,4507.66,0.2041,0.56,11.72
PROD0042,Wearables - Model 0042,Electronics,Wearables,Premium,70335.43,42996.05,0.3887,0.48,9.71
PROD0043,Furniture - Model 0043,Home,Furniture,Mid,2873.28,2136.0,0.2566,0.54,24.35
PROD0044,Kitchen - Model 0044,Home,Kitchen,Budget,847.88,650.24,0.2331,0.87,34.7
PROD0045,Bottoms - Model 0045,Apparel,Bottoms,Mid,885.73,588.21,0.3359,0.79,5.38
PROD0046,Skincare - Model 0046,Beauty,Skincare,Mid,889.85,683.23,0.2322,0.41,26.75
PROD0047,Beverages - Model 0047,Grocery,Beverages,Budget,95.67,72.45,0.2427,0.61,9.38
PROD0048,Beverages - Model 0048,Grocery,Beverages,Premium,559.47,315.65,0.4358,0.15,7.54
PROD0049,Bedding - Model 0049,Home,Bedding,Budget,2030.52,1593.76,0.2151,0.42,12.48
PROD0050,Kitchen - Model 0050,Home,Kitchen,Budget,3879.86,3554.34,0.0839,0.88,33.95
PROD0051,Haircare - Model 0051,Beauty,Haircare,Budget,297.41,239.24,0.1956,0.42,12.4
PROD0052,Kitchen - Model 0052,Home,Kitchen,Mid,553.71,397.12,0.2828,0.44,25.5
PROD0053,Haircare - Model 0053,Beauty,Haircare,Budget,473.93,404.36,0.1468,0.48,24.32
PROD0054,Lighting - Model 0054,Home,Lighting,Mid,13314.21,10455.65,0.2147,0.8,10.03
PROD0055,Footwear - Model 0055,Apparel,Footwear,Premium,4410.61,2292.64,0.4802,0.5,2.45
PROD0056,Haircare - Model 0056,Beauty,Haircare,Mid,1095.81,680.5,0.379,0.31,28.25
PROD0057,Accessories - Model 0057,Electronics,Accessories,Mid,20602.08,15227.0,0.2609,0.36,8.43
PROD0058,Makeup - Model 0058,Beauty,Makeup,Budget,288.48,229.0,0.2062,0.47,31.5
PROD0059,Laptops - Model 0059,Electronics,Laptops,Premium,79433.78,48120.98,0.3942,0.33,9.4
PROD0060,Lighting - Model 0060,Home,Lighting,Premium,18548.71,11566.98,0.3764,0.3,12.66
PROD0061,Tops - Model 0061,Apparel,Tops,Mid,1156.55,813.52,0.2966,0.86,10.14
PROD0062,Snacks - Model 0062,Grocery,Snacks,Premium,517.94,295.64,0.4292,0.19,11.26
PROD0063,Staples - Model 0063,Grocery,Staples,Budget,159.2,131.72,0.1726,0.81,17.94
PROD0064,Accessories - Model 0064,Electronics,Accessories,Mid,28124.84,19619.89,0.3024,0.45,11.71
PROD0065,Sportswear - Model 0065,Apparel,Sportswear,Premium,6664.09,3307.39,0.5037,0.35,4.92
PROD0066,Makeup - Model 0066,Beauty,Makeup,Budget,1066.16,822.22,0.2288,0.54,21.42
PROD0067,Skincare - Model 0067,Beauty,Skincare,Budget,1485.48,1114.26,0.2499,0.83,24.19
PROD0068,Footwear - Model 0068,Apparel,Footwear,Mid,1373.7,1083.3,0.2114,0.72,27.68
PROD0069,Staples - Model 0069,Grocery,Staples,Mid,328.61,201.44,0.387,0.74,20.14
PROD0070,Organic - Model 0070,Grocery,Organic,Budget,136.32,123.06,0.0973,0.5,17.46
PROD0071,Bedding - Model 0071,Home,Bedding,Mid,5760.96,4002.72,0.3052,0.66,18.99
PROD0072,Beverages - Model 0072,Grocery,Beverages,Mid,318.83,212.15,0.3346,0.65,32.98
PROD0073,Wearables - Model 0073,Electronics,Wearables,Premium,65029.85,26493.16,0.5926,0.31,4.44
PROD0074,Footwear - Model 0074,Apparel,Footwear,Budget,862.09,782.86,0.0919,0.89,12.52
PROD0075,Snacks - Model 0075,Grocery,Snacks,Budget,244.09,204.62,0.1617,0.48,17.7
PROD0076,Accessories - Model 0076,Electronics,Accessories,Budget,17793.73,15418.27,0.1335,0.54,25.03
PROD0077,Laptops - Model 0077,Electronics,Laptops,Premium,60586.54,37581.83,0.3797,0.21,10.92
PROD0078,Wellness - Model 0078,Beauty,Wellness,Mid,2717.31,1646.96,0.3939,0.43,27.47
PROD0079,Beverages - Model 0079,Grocery,Beverages,Mid,83.73,66.81,0.2021,0.47,19.21
PROD0080,Accessories - Model 0080,Electronics,Accessories,Mid,16165.84,12020.92,0.2564,0.62,19.51
PROD0081,Smartphones - Model 0081,Electronics,Smartphones,Budget,9678.04,8777.01,0.0931,0.44,14.3
PROD0082,Wellness - Model 0082,Beauty,Wellness,Budget,1164.97,1050.57,0.0982,0.72,5.6
PROD0083,Beverages - Model 0083,Grocery,Beverages,Mid,98.3,59.68,0.3929,0.84,24.49
PROD0084,Skincare - Model 0084,Beauty,Skincare,Mid,789.25,630.45,0.2012,0.3,22.69
PROD0085,Accessories - Model 0085,Electronics,Accessories,Budget,13788.64,11175.69,0.1895,0.38,11.7
PROD0086,Staples - Model 0086,Grocery,Staples,Mid,563.79,412.13,0.269,0.41,33.26
PROD0087,Laptops - Model 0087,Electronics,Laptops,Budget,20371.99,17346.75,0.1485,0.32,18.4
PROD0088,Kitchen - Model 0088,Home,Kitchen,Premium,17413.67,10887.03,0.3748,0.48,2.62
PROD0089,Snacks - Model 0089,Grocery,Snacks,Mid,407.95,258.8,0.3656,0.42,20.73
PROD0090,Laptops - Model 0090,Electronics,Laptops,Premium,75360.52,39353.26,0.4778,0.45,6.42
PROD0091,Outerwear - Model 0091,Apparel,Outerwear,Budget,294.48,250.75,0.1485,0.34,14.28
PROD0092,Organic - Model 0092,Grocery,Organic,Budget,168.6,132.32,0.2152,0.31,29.61
PROD0093,Makeup - Model 0093,Beauty,Makeup,Mid,2638.49,1601.04,0.3932,0.45,7.02
PROD0094,Bedding - Model 0094,Home,Bedding,Mid,8681.01,6864.07,0.2093,0.77,11.97
PROD0095,Outerwear - Model 0095,Apparel,Outerwear,Budget,571.19,454.38,0.2045,0.45,17.75
PROD0096,Lighting - Model 0096,Home,Lighting,Premium,23516.99,9724.28,0.5865,0.38,2.13
PROD0097,Laptops - Model 0097,Electronics,Laptops,Budget,20223.92,17075.06,0.1557,0.71,19.55
PROD0098,Dairy - Model 0098,Grocery,Dairy,Mid,594.13,377.69,0.3643,0.61,16.01
PROD0099,Bedding - Model 0099,Home,Bedding,Mid,5440.82,3886.38,0.2857,0.63,30.18
PROD0100,Bottoms - Model 0100,Apparel,Bottoms,Premium,4982.22,3205.06,0.3567,0.1,4.92
PROD0101,Skincare - Model 0101,Beauty,Skincare,Premium,4932.96,3145.75,0.3623,0.13,11.12
PROD0102,Audio - Model 0102,Electronics,Audio,Premium,64661.7,30546.19,0.5276,0.22,13.1
PROD0103,Decor - Model 0103,Home,Decor,Budget,302.88,273.02,0.0986,0.48,5.77
PROD0104,Outerwear - Model 0104,Apparel,Outerwear,Premium,6995.92,4455.7,0.3631,0.2,12.94
PROD0105,Bedding - Model 0105,Home,Bedding,Mid,6500.4,4156.36,0.3606,0.48,12.97
PROD0106,Bottoms - Model 0106,Apparel,Bottoms,Premium,4267.86,1933.34,0.547,0.37,7.35
PROD0107,Bedding - Model 0107,Home,Bedding,Mid,10784.8,6667.16,0.3818,0.8,20.33
PROD0108,Makeup - Model 0108,Beauty,Makeup,Mid,245.02,190.36,0.2231,0.77,29.39
PROD0109,Furniture - Model 0109,Home,Furniture,Budget,484.16,429.3,0.1133,0.58,24.98
PROD0110,Audio - Model 0110,Electronics,Audio,Premium,64584.66,32647.55,0.4945,0.29,13.18
PROD0111,Decor - Model 0111,Home,Decor,Mid,591.22,408.71,0.3087,0.53,29.42
PROD0112,Bedding - Model 0112,Home,Bedding,Mid,3599.86,2575.7,0.2845,0.68,10.71
PROD0113,Beverages - Model 0113,Grocery,Beverages,Budget,168.21,130.53,0.224,0.67,21.64
PROD0114,Beverages - Model 0114,Grocery,Beverages,Budget,204.02,160.05,0.2155,0.41,13.33
PROD0115,Skincare - Model 0115,Beauty,Skincare,Budget,220.58,173.09,0.2153,0.53,7.39
PROD0116,Outerwear - Model 0116,Apparel,Outerwear,Mid,2963.78,2090.95,0.2945,0.48,30.87
PROD0117,Audio - Model 0117,Electronics,Audio,Mid,3219.6,2166.47,0.3271,0.69,10.26
PROD0118,Lighting - Model 0118,Home,Lighting,Premium,17705.2,11361.43,0.3583,0.2,4.62
PROD0119,Fragrances - Model 0119,Beauty,Fragrances,Premium,4189.33,1826.97,0.5639,0.38,12.64
PROD0120,Decor - Model 0120,Home,Decor,Mid,2979.29,2338.74,0.215,0.56,11.59
PROD0121,Wellness - Model 0121,Beauty,Wellness,Premium,3900.87,2509.04,0.3568,0.49,6.44
PROD0122,Laptops - Model 0122,Electronics,Laptops,Mid,36127.9,22887.02,0.3665,0.44,34.77
PROD0123,Skincare - Model 0123,Beauty,Skincare,Budget,371.78,297.91,0.1987,0.81,33.78
PROD0124,Staples - Model 0124,Grocery,Staples,Mid,543.5,381.48,0.2981,0.57,28.63
PROD0125,Accessories - Model 0125,Electronics,Accessories,Mid,45760.15,32032.1,0.3,0.45,27.76
PROD0126,Beverages - Model 0126,Grocery,Beverages,Budget,45.35,39.16,0.1365,0.36,7.56
PROD0127,Decor - Model 0127,Home,Decor,Mid,5293.87,4101.69,0.2252,0.71,5.01
PROD0128,Bottoms - Model 0128,Apparel,Bottoms,Premium,5554.13,3178.07,0.4278,0.38,5.38
PROD0129,Organic - Model 0129,Grocery,Organic,Mid,246.73,192.72,0.2189,0.57,22.91
PROD0130,Kitchen - Model 0130,Home,Kitchen,Budget,513.73,446.84,0.1302,0.79,32.62
PROD0131,Bottoms - Model 0131,Apparel,Bottoms,Budget,637.65,562.66,0.1176,0.81,32.1
PROD0132,Skincare - Model 0132,Beauty,Skincare,Premium,2725.81,1593.78,0.4153,0.4,8.63
PROD0133,Sportswear - Model 0133,Apparel,Sportswear,Mid,3458.91,2706.6,0.2175,0.9,24.05
PROD0134,Outerwear - Model 0134,Apparel,Outerwear,Budget,286.29,238.25,0.1678,0.5,8.39
PROD0135,Audio - Model 0135,Electronics,Audio,Mid,13338.27,9631.56,0.2779,0.52,25.16
PROD0136,Fragrances - Model 0136,Beauty,Fragrances,Budget,517.21,439.01,0.1512,0.54,32.59
PROD0137,Organic - Model 0137,Grocery,Organic,Mid,74.1,45.07,0.3918,0.4,25.05
PROD0138,Wellness - Model 0138,Beauty,Wellness,Premium,3289.49,2113.17,0.3576,0.35,9.97
PROD0139,Snacks - Model 0139,Grocery,Snacks,Premium,908.92,422.92,0.5347,0.16,6.52
PROD0140,Furniture - Model 0140,Home,Furniture,Premium,20083.25,9027.42,0.5505,0.5,4.9
PROD0141,Organic - Model 0141,Grocery,Organic,Premium,984.91,637.14,0.3531,0.24,2.99
PROD0142,Organic - Model 0142,Grocery,Organic,Premium,607.28,386.05,0.3643,0.36,9.14
PROD0143,Furniture - Model 0143,Home,Furniture,Mid,3049.55,2237.45,0.2663,0.87,25.5
PROD0144,Lighting - Model 0144,Home,Lighting,Mid,7280.09,4376.79,0.3988,0.74,20.54
PROD0145,Smartphones - Model 0145,Electronics,Smartphones,Mid,43300.93,29288.75,0.3236,0.53,26.42
PROD0146,Organic - Model 0146,Grocery,Organic,Premium,958.47,458.63,0.5215,0.38,9.44
PROD0147,Snacks - Model 0147,Grocery,Snacks,Mid,285.32,204.72,0.2825,0.37,23.71
PROD0148,Outerwear - Model 0148,Apparel,Outerwear,Mid,902.66,640.17,0.2908,0.6,12.68
PROD0149,Fragrances - Model 0149,Beauty,Fragrances,Mid,2287.23,1415.8,0.381,0.43,30.09
PROD0150,Laptops - Model 0150,Electronics,Laptops,Mid,41850.86,26219.56,0.3735,0.63,32.32
PROD0151,Snacks - Model 0151,Grocery,Snacks,Budget,225.02,202.95,0.0981,0.5,10.68
PROD0152,Outerwear - Model 0152,Apparel,Outerwear,Premium,4806.31,2924.64,0.3915,0.14,8.84
PROD0153,Haircare - Model 0153,Beauty,Haircare,Budget,362.1,296.02,0.1825,0.84,6.42
PROD0154,Audio - Model 0154,Electronics,Audio,Premium,63646.09,29569.97,0.5354,0.16,6.84
PROD0155,Bedding - Model 0155,Home,Bedding,Budget,3569.3,3235.57,0.0935,0.45,11.99
PROD0156,Audio - Model 0156,Electronics,Audio,Budget,15794.63,12975.29,0.1785,0.89,13.42
PROD0157,Haircare - Model 0157,Beauty,Haircare,Mid,834.37,581.31,0.3033,0.61,11.79
PROD0158,Wellness - Model 0158,Beauty,Wellness,Budget,1378.42,1229.0,0.1084,0.71,14.53
PROD0159,Tops - Model 0159,Apparel,Tops,Mid,1194.36,731.31,0.3877,0.71,33.46
PROD0160,Tops - Model 0160,Apparel,Tops,Mid,2785.29,1771.17,0.3641,0.68,25.09
PROD0161,Footwear - Model 0161,Apparel,Footwear,Budget,1630.67,1266.22,0.2235,0.51,14.95
PROD0162,Furniture - Model 0162,Home,Furniture,Budget,2678.26,2315.09,0.1356,0.71,12.59
PROD0163,Bottoms - Model 0163,Apparel,Bottoms,Mid,4662.65,3658.78,0.2153,0.5,16.44
PROD0164,Skincare - Model 0164,Beauty,Skincare,Mid,1145.03,688.74,0.3985,0.68,31.19
PROD0165,Bedding - Model 0165,Home,Bedding,Mid,12682.61,9418.11,0.2574,0.68,22.72
PROD0166,Bottoms - Model 0166,Apparel,Bottoms,Budget,773.4,669.61,0.1342,0.7,7.35
PROD0167,Outerwear - Model 0167,Apparel,Outerwear,Mid,4056.03,2501.76,0.3832,0.44,12.97
PROD0168,Makeup - Model 0168,Beauty,Makeup,Premium,4869.3,2753.59,0.4345,0.28,4.18
PROD0169,Decor - Model 0169,Home,Decor,Budget,1357.27,1241.49,0.0853,0.65,16.15
PROD0170,Outerwear - Model 0170,Apparel,Outerwear,Mid,1134.39,779.44,0.3129,0.32,18.18
PROD0171,Skincare - Model 0171,Beauty,Skincare,Mid,837.99,530.36,0.3671,0.58,14.69
PROD0172,Tops - Model 0172,Apparel,Tops,Mid,2444.95,1593.37,0.3483,0.4,22.4
PROD0173,Haircare - Model 0173,Beauty,Haircare,Premium,4182.35,2141.78,0.4879,0.48,5.36
PROD0174,Staples - Model 0174,Grocery,Staples,Mid,163.37,102.48,0.3727,0.42,30.77
PROD0175,Bottoms - Model 0175,Apparel,Bottoms,Mid,353.83,275.21,0.2222,0.72,6.91
PROD0176,Makeup - Model 0176,Beauty,Makeup,Mid,402.7,260.95,0.352,0.61,14.2
PROD0177,Accessories - Model 0177,Electronics,Accessories,Premium,42298.6,22261.75,0.4737,0.23,2.06
PROD0178,Makeup - Model 0178,Beauty,Makeup,Mid,2650.98,1897.84,0.2841,0.71,5.55
PROD0179,Laptops - Model 0179,Electronics,Laptops,Mid,2888.37,2074.14,0.2819,0.81,16.36
PROD0180,Outerwear - Model 0180,Apparel,Outerwear,Budget,336.31,291.95,0.1319,0.85,5.89
PROD0181,Sportswear - Model 0181,Apparel,Sportswear,Mid,4095.1,2730.61,0.3332,0.55,6.88
PROD0182,Lighting - Model 0182,Home,Lighting,Mid,706.93,460.35,0.3488,0.41,29.75
PROD0183,Wearables - Model 0183,Electronics,Wearables,Mid,1308.37,788.29,0.3975,0.67,17.68
PROD0184,Smartphones - Model 0184,Electronics,Smartphones,Mid,14109.01,8497.86,0.3977,0.87,27.06
PROD0185,Beverages - Model 0185,Grocery,Beverages,Premium,861.76,376.42,0.5632,0.26,3.05
PROD0186,Tops - Model 0186,Apparel,Tops,Budget,1026.91,941.47,0.0832,0.3,11.12
PROD0187,Footwear - Model 0187,Apparel,Footwear,Mid,2933.82,1894.07,0.3544,0.53,9.81
PROD0188,Beverages - Model 0188,Grocery,Beverages,Mid,204.22,132.15,0.3529,0.86,32.45
PROD0189,Staples - Model 0189,Grocery,Staples,Mid,96.54,58.68,0.3922,0.43,10.92
PROD0190,Wellness - Model 0190,Beauty,Wellness,Budget,1076.69,968.37,0.1006,0.59,29.5
PROD0191,Lighting - Model 0191,Home,Lighting,Premium,15116.95,8311.3,0.4502,0.48,3.48
PROD0192,Bedding - Model 0192,Home,Bedding,Budget,2673.86,2153.26,0.1947,0.4,8.65
PROD0193,Kitchen - Model 0193,Home,Kitchen,Premium,16820.33,7172.19,0.5736,0.15,6.54
PROD0194,Sportswear - Model 0194,Apparel,Sportswear,Premium,5072.13,2541.64,0.4989,0.23,13.32
PROD0195,Organic - Model 0195,Grocery,Organic,Mid,340.27,229.27,0.3262,0.7,6.9
PROD0196,Footwear - Model 0196,Apparel,Footwear,Premium,6284.9,3271.92,0.4794,0.38,10.45
PROD0197,Accessories - Model 0197,Electronics,Accessories,Mid,1145.46,771.93,0.3261,0.71,20.64
PROD0198,Sportswear - Model 0198,Apparel,Sportswear,Premium,5447.37,2300.97,0.5776,0.29,9.73
PROD0199,Makeup - Model 0199,Beauty,Makeup,Mid,233.94,140.86,0.3979,0.73,17.76
PROD0200,Staples - Model 0200,Grocery,Staples,Premium,519.9,270.82,0.4791,0.22,9.56
PROD0201,Wearables - Model 0201,Electronics,Wearables,Mid,41539.3,31412.02,0.2438,0.68,8.03
PROD0202,Accessories - Model 0202,Electronics,Accessories,Premium,78872.06,31927.41,0.5952,0.2,2.12
PROD0203,Makeup - Model 0203,Beauty,Makeup,Mid,2830.02,2095.06,0.2597,0.41,23.49
PROD0204,Sportswear - Model 0204,Apparel,Sportswear,Premium,6392.52,3557.44,0.4435,0.28,14.47
PROD0205,Outerwear - Model 0205,Apparel,Outerwear,Mid,2063.54,1623.18,0.2134,0.64,15.85
PROD0206,Fragrances - Model 0206,Beauty,Fragrances,Mid,2293.47,1652.22,0.2796,0.39,18.84
PROD0207,Laptops - Model 0207,Electronics,Laptops,Premium,55652.02,23268.11,0.5819,0.15,5.3
PROD0208,Organic - Model 0208,Grocery,Organic,Mid,272.96,214.0,0.216,0.68,7.97
PROD0209,Organic - Model 0209,Grocery,Organic,Mid,318.99,250.89,0.2135,0.68,17.94
PROD0210,Staples - Model 0210,Grocery,Staples,Mid,53.34,41.34,0.225,0.44,25.34
PROD0211,Sportswear - Model 0211,Apparel,Sportswear,Budget,1829.34,1417.74,0.225,0.53,15.35
PROD0212,Wellness - Model 0212,Beauty,Wellness,Premium,3652.93,2196.87,0.3986,0.47,7.3
PROD0213,Furniture - Model 0213,Home,Furniture,Mid,10120.52,7398.1,0.269,0.78,31.91
PROD0214,Audio - Model 0214,Electronics,Audio,Mid,12682.91,8937.65,0.2953,0.55,14.15
PROD0215,Wearables - Model 0215,Electronics,Wearables,Premium,67828.92,37149.9,0.4523,0.16,14.73
PROD0216,Staples - Model 0216,Grocery,Staples,Premium,659.43,356.82,0.4589,0.3,13.07
PROD0217,Tops - Model 0217,Apparel,Tops,Mid,2149.49,1312.26,0.3895,0.44,8.67
PROD0218,Haircare - Model 0218,Beauty,Haircare,Mid,1264.08,820.64,0.3508,0.49,8.84
PROD0219,Sportswear - Model 0219,Apparel,Sportswear,Mid,4387.93,3504.2,0.2014,0.38,8.59
PROD0220,Furniture - Model 0220,Home,Furniture,Mid,14298.52,9771.61,0.3166,0.58,28.77
PROD0221,Fragrances - Model 0221,Beauty,Fragrances,Mid,1478.88,1094.81,0.2597,0.52,7.34
PROD0222,Lighting - Model 0222,Home,Lighting,Mid,12030.21,9185.07,0.2365,0.51,6.95
PROD0223,Outerwear - Model 0223,Apparel,Outerwear,Budget,2002.06,1744.8,0.1285,0.38,9.68
PROD0224,Tops - Model 0224,Apparel,Tops,Premium,4547.12,2403.15,0.4715,0.18,12.45
PROD0225,Footwear - Model 0225,Apparel,Footwear,Mid,2382.71,1784.17,0.2512,0.65,26.51
PROD0226,Wearables - Model 0226,Electronics,Wearables,Budget,3994.02,3304.25,0.1727,0.51,26.08
PROD0227,Accessories - Model 0227,Electronics,Accessories,Premium,42590.71,19966.52,0.5312,0.36,13.63
PROD0228,Decor - Model 0228,Home,Decor,Mid,5155.43,4086.19,0.2074,0.44,12.14
PROD0229,Footwear - Model 0229,Apparel,Footwear,Budget,1970.65,1499.47,0.2391,0.9,18.01
PROD0230,Beverages - Model 0230,Grocery,Beverages,Premium,551.36,324.97,0.4106,0.15,6.58
PROD0231,Audio - Model 0231,Electronics,Audio,Premium,72732.89,37551.99,0.4837,0.35,4.21
PROD0232,Wellness - Model 0232,Beauty,Wellness,Mid,2151.97,1641.09,0.2374,0.69,31.46
PROD0233,Dairy - Model 0233,Grocery,Dairy,Mid,227.17,143.25,0.3694,0.51,31.07
PROD0234,Bottoms - Model 0234,Apparel,Bottoms,Budget,1634.45,1470.51,0.1003,0.64,16.81
PROD0235,Smartphones - Model 0235,Electronics,Smartphones,Mid,41306.71,29468.21,0.2866,0.3,9.73
PROD0236,Footwear - Model 0236,Apparel,Footwear,Mid,1031.94,733.09,0.2896,0.31,19.33
PROD0237,Bedding - Model 0237,Home,Bedding,Mid,9961.58,7205.21,0.2767,0.72,25.03
PROD0238,Sportswear - Model 0238,Apparel,Sportswear,Mid,3507.7,2401.02,0.3155,0.64,7.71
PROD0239,Dairy - Model 0239,Grocery,Dairy,Mid,238.18,189.64,0.2038,0.78,24.61
PROD0240,Laptops - Model 0240,Electronics,Laptops,Premium,62746.37,25700.91,0.5904,0.35,7.72
PROD0241,Tops - Model 0241,Apparel,Tops,Budget,2068.55,1754.96,0.1516,0.77,30.51
PROD0242,Snacks - Model 0242,Grocery,Snacks,Mid,434.59,269.05,0.3809,0.88,13.71
PROD0243,Snacks - Model 0243,Grocery,Snacks,Mid,214.85,129.4,0.3977,0.83,25.77
PROD0244,Kitchen - Model 0244,Home,Kitchen,Mid,6857.88,4186.05,0.3896,0.88,14.43
PROD0245,Smartphones - Model 0245,Electronics,Smartphones,Mid,39596.4,25412.97,0.3582,0.89,18.96
PROD0246,Bedding - Model 0246,Home,Bedding,Budget,5849.67,4806.09,0.1784,0.86,32.25
PROD0247,Laptops - Model 0247,Electronics,Laptops,Mid,28050.19,21068.5,0.2489,0.85,21.72
PROD0248,Outerwear - Model 0248,Apparel,Outerwear,Mid,1979.1,1466.32,0.2591,0.82,17.67
PROD0249,Skincare - Model 0249,Beauty,Skincare,Mid,667.1,496.26,0.2561,0.61,28.68
PROD0250,Accessories - Model 0250,Electronics,Accessories,Premium,43517.78,21071.31,0.5158,0.27,3.63
PROD0251,Wellness - Model 0251,Beauty,Wellness,Premium,3772.54,2163.55,0.4265,0.47,4.97
PROD0252,Accessories - Model 0252,Electronics,Accessories,Budget,5256.86,4618.68,0.1214,0.77,18.27
PROD0253,Audio - Model 0253,Electronics,Audio,Budget,14837.56,11625.23,0.2165,0.79,8.6
PROD0254,Wellness - Model 0254,Beauty,Wellness,Budget,772.04,614.16,0.2045,0.64,11.15
PROD0255,Wearables - Model 0255,Electronics,Wearables,Mid,23571.3,16485.77,0.3006,0.87,8.01
PROD0256,Smartphones - Model 0256,Electronics,Smartphones,Budget,12351.4,9735.37,0.2118,0.75,21.99
PROD0257,Audio - Model 0257,Electronics,Audio,Premium,41546.39,23066.56,0.4448,0.34,3.88
PROD0258,Accessories - Model 0258,Electronics,Accessories,Premium,79113.68,51131.17,0.3537,0.23,2.45
PROD0259,Beverages - Model 0259,Grocery,Beverages,Mid,113.32,79.43,0.2991,0.7,9.46
PROD0260,Sportswear - Model 0260,Apparel,Sportswear,Mid,4558.48,3408.83,0.2522,0.68,23.34
PROD0261,Dairy - Model 0261,Grocery,Dairy,Mid,514.07,316.87,0.3836,0.31,8.12
PROD0262,Bottoms - Model 0262,Apparel,Bottoms,Mid,4755.86,3050.88,0.3585,0.79,16.58
PROD0263,Bedding - Model 0263,Home,Bedding,Premium,13973.27,8900.97,0.363,0.31,10.1
PROD0264,Smartphones - Model 0264,Electronics,Smartphones,Mid,47330.96,36558.43,0.2276,0.33,13.24
PROD0265,Wellness - Model 0265,Beauty,Wellness,Premium,4723.92,2514.54,0.4677,0.41,3.03
PROD0266,Beverages - Model 0266,Grocery,Beverages,Mid,543.78,361.83,0.3346,0.62,10.17
PROD0267,Fragrances - Model 0267,Beauty,Fragrances,Mid,2630.76,2044.1,0.223,0.9,31.28
PROD0268,Snacks - Model 0268,Grocery,Snacks,Mid,110.49,75.2,0.3194,0.35,27.98
PROD0269,Beverages - Model 0269,Grocery,Beverages,Budget,59.14,48.8,0.1749,0.36,22.16
PROD0270,Wearables - Model 0270,Electronics,Wearables,Mid,41954.54,26838.32,0.3603,0.47,23.9
PROD0271,Laptops - Model 0271,Electronics,Laptops,Mid,11993.62,7347.29,0.3874,0.54,24.62
PROD0272,Bottoms - Model 0272,Apparel,Bottoms,Premium,6365.43,3337.39,0.4757,0.3,6.68
PROD0273,Skincare - Model 0273,Beauty,Skincare,Premium,3596.56,2103.99,0.415,0.44,4.93
PROD0274,Laptops - Model 0274,Electronics,Laptops,Premium,62145.89,26113.7,0.5798,0.23,6.2
PROD0275,Footwear - Model 0275,Apparel,Footwear,Premium,5980.6,2672.13,0.5532,0.44,12.84
PROD0276,Footwear - Model 0276,Apparel,Footwear,Premium,4495.95,1868.52,0.5844,0.42,2.3
PROD0277,Organic - Model 0277,Grocery,Organic,Mid,332.99,265.59,0.2024,0.77,10.94
PROD0278,Beverages - Model 0278,Grocery,Beverages,Premium,898.18,578.61,0.3558,0.19,5.49
PROD0279,Kitchen - Model 0279,Home,Kitchen,Mid,14902.34,10193.2,0.316,0.64,11.63
PROD0280,Haircare - Model 0280,Beauty,Haircare,Mid,2346.17,1583.66,0.325,0.71,23.52
PROD0281,Audio - Model 0281,Electronics,Audio,Mid,27906.17,18306.45,0.344,0.54,9.28
PROD0282,Organic - Model 0282,Grocery,Organic,Budget,87.8,71.09,0.1903,0.89,16.29
PROD0283,Bottoms - Model 0283,Apparel,Bottoms,Budget,945.9,854.43,0.0967,0.41,15.97
PROD0284,Beverages - Model 0284,Grocery,Beverages,Mid,559.41,427.22,0.2363,0.88,13.81
PROD0285,Beverages - Model 0285,Grocery,Beverages,Mid,161.94,129.44,0.2007,0.39,22.79
PROD0286,Bedding - Model 0286,Home,Bedding,Mid,2948.45,2305.39,0.2181,0.73,16.57
PROD0287,Staples - Model 0287,Grocery,Staples,Mid,342.0,252.19,0.2626,0.62,8.17
PROD0288,Wearables - Model 0288,Electronics,Wearables,Premium,45561.51,26343.67,0.4218,0.25,6.27
PROD0289,Footwear - Model 0289,Apparel,Footwear,Budget,916.12,820.29,0.1046,0.45,12.69
PROD0290,Bottoms - Model 0290,Apparel,Bottoms,Mid,4158.29,2504.54,0.3977,0.51,26.15
PROD0291,Wellness - Model 0291,Beauty,Wellness,Premium,4795.02,2877.49,0.3999,0.39,6.52
PROD0292,Skincare - Model 0292,Beauty,Skincare,Budget,1156.86,1009.71,0.1272,0.73,13.84
PROD0293,Sportswear - Model 0293,Apparel,Sportswear,Mid,1106.52,860.65,0.2222,0.63,23.62
PROD0294,Wellness - Model 0294,Beauty,Wellness,Budget,261.35,214.49,0.1793,0.87,20.36
PROD0295,Makeup - Model 0295,Beauty,Makeup,Mid,1928.52,1248.52,0.3526,0.66,6.03
PROD0296,Tops - Model 0296,Apparel,Tops,Mid,3475.71,2374.26,0.3169,0.33,28.91
PROD0297,Haircare - Model 0297,Beauty,Haircare,Budget,684.71,572.9,0.1633,0.54,26.67
PROD0298,Staples - Model 0298,Grocery,Staples,Mid,206.84,139.16,0.3272,0.5,30.03
PROD0299,Skincare - Model 0299,Beauty,Skincare,Premium,2754.27,1650.91,0.4006,0.12,2.93
PROD0300,Smartphones - Model 0300,Electronics,Smartphones,Budget,1765.88,1352.13,0.2343,0.82,11.25
PROD0301,Audio - Model 0301,Electronics,Audio,Mid,29143.27,21475.68,0.2631,0.48,20.95
PROD0302,Decor - Model 0302,Home,Decor,Budget,479.79,364.45,0.2404,0.34,19.28
PROD0303,Tops - Model 0303,Apparel,Tops,Mid,695.38,497.41,0.2847,0.5,29.46
PROD0304,Audio - Model 0304,Electronics,Audio,Mid,15992.64,9712.33,0.3927,0.58,14.66
PROD0305,Makeup - Model 0305,Beauty,Makeup,Mid,2882.95,2184.99,0.2421,0.62,27.06
PROD0306,Lighting - Model 0306,Home,Lighting,Mid,14028.23,9327.37,0.3351,0.32,7.33
PROD0307,Snacks - Model 0307,Grocery,Snacks,Budget,174.18,144.31,0.1715,0.64,34.89
PROD0308,Lighting - Model 0308,Home,Lighting,Mid,5705.85,4472.82,0.2161,0.51,34.72
PROD0309,Haircare - Model 0309,Beauty,Haircare,Mid,888.02,559.72,0.3697,0.78,8.03
PROD0310,Tops - Model 0310,Apparel,Tops,Mid,1062.56,783.11,0.263,0.81,31.95
PROD0311,Kitchen - Model 0311,Home,Kitchen,Premium,15726.64,7389.95,0.5301,0.48,10.12
PROD0312,Tops - Model 0312,Apparel,Tops,Budget,2255.69,1738.01,0.2295,0.7,11.63
PROD0313,Smartphones - Model 0313,Electronics,Smartphones,Premium,52959.7,27750.88,0.476,0.5,7.66
PROD0314,Footwear - Model 0314,Apparel,Footwear,Mid,4286.65,2772.18,0.3533,0.8,6.57
PROD0315,Outerwear - Model 0315,Apparel,Outerwear,Budget,1927.44,1733.73,0.1005,0.71,27.36
PROD0316,Laptops - Model 0316,Electronics,Laptops,Premium,41387.45,17196.49,0.5845,0.2,6.93
PROD0317,Outerwear - Model 0317,Apparel,Outerwear,Mid,3348.02,2329.22,0.3043,0.37,28.88
PROD0318,Beverages - Model 0318,Grocery,Beverages,Budget,71.83,59.51,0.1715,0.76,34.65
PROD0319,Furniture - Model 0319,Home,Furniture,Premium,18907.2,10680.68,0.4351,0.29,10.26
PROD0320,Wearables - Model 0320,Electronics,Wearables,Mid,1793.91,1209.63,0.3257,0.58,26.05
PROD0321,Fragrances - Model 0321,Beauty,Fragrances,Budget,869.46,716.87,0.1755,0.31,30.96
PROD0322,Bottoms - Model 0322,Apparel,Bottoms,Premium,4071.44,1842.73,0.5474,0.18,6.59
PROD0323,Kitchen - Model 0323,Home,Kitchen,Budget,5043.64,4605.35,0.0869,0.31,10.99
PROD0324,Dairy - Model 0324,Grocery,Dairy,Premium,674.47,278.35,0.5873,0.13,11.23
PROD0325,Footwear - Model 0325,Apparel,Footwear,Budget,956.64,810.18,0.1531,0.84,6.99
PROD0326,Dairy - Model 0326,Grocery,Dairy,Budget,244.3,219.67,0.1008,0.86,11.34
PROD0327,Lighting - Model 0327,Home,Lighting,Mid,8220.52,5766.69,0.2985,0.88,29.62
PROD0328,Skincare - Model 0328,Beauty,Skincare,Premium,4076.47,1739.84,0.5732,0.24,4.89
PROD0329,Tops - Model 0329,Apparel,Tops,Mid,774.28,556.24,0.2816,0.7,22.23
PROD0330,Outerwear - Model 0330,Apparel,Outerwear,Mid,1451.1,1122.86,0.2262,0.73,6.17
PROD0331,Kitchen - Model 0331,Home,Kitchen,Mid,4137.48,3159.38,0.2364,0.45,11.97
PROD0332,Dairy - Model 0332,Grocery,Dairy,Mid,402.17,279.27,0.3056,0.46,26.16
PROD0333,Bottoms - Model 0333,Apparel,Bottoms,Premium,7058.2,4433.26,0.3719,0.18,11.61
PROD0334,Outerwear - Model 0334,Apparel,Outerwear,Mid,1859.95,1118.2,0.3988,0.51,23.81
PROD0335,Wearables - Model 0335,Electronics,Wearables,Mid,27486.76,18861.41,0.3138,0.6,29.23
PROD0336,Accessories - Model 0336,Electronics,Accessories,Budget,14277.87,11075.34,0.2243,0.31,31.08
PROD0337,Wearables - Model 0337,Electronics,Wearables,Mid,20430.64,13561.86,0.3362,0.68,9.9
PROD0338,Kitchen - Model 0338,Home,Kitchen,Mid,8604.36,5613.48,0.3476,0.35,20.47
PROD0339,Snacks - Model 0339,Grocery,Snacks,Mid,176.52,137.28,0.2223,0.37,23.11
PROD0340,Snacks - Model 0340,Grocery,Snacks,Premium,783.3,391.88,0.4997,0.16,9.82
PROD0341,Kitchen - Model 0341,Home,Kitchen,Budget,6697.15,5242.53,0.2172,0.43,9.69
PROD0342,Accessories - Model 0342,Electronics,Accessories,Mid,40944.57,30855.83,0.2464,0.59,24.42
PROD0343,Organic - Model 0343,Grocery,Organic,Mid,169.94,102.42,0.3973,0.59,20.98
PROD0344,Makeup - Model 0344,Beauty,Makeup,Mid,877.75,666.65,0.2405,0.47,5.08
PROD0345,Skincare - Model 0345,Beauty,Skincare,Budget,568.66,488.82,0.1404,0.44,28.67
PROD0346,Wellness - Model 0346,Beauty,Wellness,Mid,1218.55,872.12,0.2843,0.64,33.45
PROD0347,Lighting - Model 0347,Home,Lighting,Budget,5170.01,4654.56,0.0997,0.79,7.72
PROD0348,Tops - Model 0348,Apparel,Tops,Mid,3178.04,2048.88,0.3553,0.44,17.87
PROD0349,Wearables - Model 0349,Electronics,Wearables,Mid,34270.42,25298.42,0.2618,0.7,16.02
PROD0350,Wellness - Model 0350,Beauty,Wellness,Mid,1369.26,885.64,0.3532,0.41,11.05
PROD0351,Bottoms - Model 0351,Apparel,Bottoms,Mid,4497.23,3484.45,0.2252,0.64,31.93
PROD0352,Skincare - Model 0352,Beauty,Skincare,Budget,1360.63,1132.86,0.1674,0.31,8.17
PROD0353,Skincare - Model 0353,Beauty,Skincare,Premium,4430.29,2048.12,0.5377,0.44,3.37
PROD0354,Lighting - Model 0354,Home,Lighting,Mid,11856.73,9036.01,0.2379,0.32,25.95
PROD0355,Fragrances - Model 0355,Beauty,Fragrances,Budget,1178.95,963.91,0.1824,0.49,24.14
PROD0356,Skincare - Model 0356,Beauty,Skincare,Budget,221.09,183.95,0.168,0.4,31.84
PROD0357,Fragrances - Model 0357,Beauty,Fragrances,Mid,2772.82,1774.05,0.3602,0.76,28.67
PROD0358,Skincare - Model 0358,Beauty,Skincare,Budget,417.74,375.21,0.1018,0.59,9.74
PROD0359,Wearables - Model 0359,Electronics,Wearables,Mid,3747.38,2275.03,0.3929,0.3,14.76
PROD0360,Audio - Model 0360,Electronics,Audio,Premium,43067.26,21731.74,0.4954,0.46,9.22
PROD0361,Fragrances - Model 0361,Beauty,Fragrances,Mid,2244.27,1657.17,0.2616,0.58,25.41
PROD0362,Bottoms - Model 0362,Apparel,Bottoms,Mid,1641.94,1165.94,0.2899,0.73,33.85
PROD0363,Beverages - Model 0363,Grocery,Beverages,Budget,155.39,141.9,0.0868,0.84,13.7
PROD0364,Skincare - Model 0364,Beauty,Skincare,Budget,586.36,525.85,0.1032,0.49,20.42
PROD0365,Bedding - Model 0365,Home,Bedding,Mid,10181.86,6280.17,0.3832,0.54,21.94
PROD0366,Smartphones - Model 0366,Electronics,Smartphones,Mid,14452.03,9808.59,0.3213,0.6,11.52
PROD0367,Organic - Model 0367,Grocery,Organic,Premium,809.59,390.06,0.5182,0.17,10.0
PROD0368,Tops - Model 0368,Apparel,Tops,Premium,5961.48,2782.22,0.5333,0.12,12.12
PROD0369,Snacks - Model 0369,Grocery,Snacks,Budget,247.43,195.37,0.2104,0.46,5.1
PROD0370,Footwear - Model 0370,Apparel,Footwear,Budget,436.02,379.21,0.1303,0.64,22.39
PROD0371,Tops - Model 0371,Apparel,Tops,Premium,6941.56,4166.32,0.3998,0.35,5.63
PROD0372,Skincare - Model 0372,Beauty,Skincare,Premium,4506.15,1880.42,0.5827,0.15,7.42
PROD0373,Skincare - Model 0373,Beauty,Skincare,Budget,844.58,767.22,0.0916,0.64,15.66
PROD0374,Lighting - Model 0374,Home,Lighting,Mid,10333.36,8040.39,0.2219,0.42,23.92
PROD0375,Snacks - Model 0375,Grocery,Snacks,Budget,63.73,56.55,0.1126,0.64,20.02
PROD0376,Wellness - Model 0376,Beauty,Wellness,Mid,2157.61,1447.76,0.329,0.66,29.17
PROD0377,Bottoms - Model 0377,Apparel,Bottoms,Budget,1600.71,1429.43,0.107,0.49,14.91
PROD0378,Smartphones - Model 0378,Electronics,Smartphones,Mid,28869.0,19688.66,0.318,0.59,21.29
PROD0379,Bedding - Model 0379,Home,Bedding,Mid,4254.34,3311.58,0.2216,0.5,12.63
PROD0380,Bottoms - Model 0380,Apparel,Bottoms,Mid,421.63,337.26,0.2001,0.78,14.45
PROD0381,Audio - Model 0381,Electronics,Audio,Mid,44693.62,29238.57,0.3458,0.52,11.32
PROD0382,Wellness - Model 0382,Beauty,Wellness,Budget,160.92,136.64,0.1509,0.66,22.59
PROD0383,Beverages - Model 0383,Grocery,Beverages,Premium,784.48,383.38,0.5113,0.16,6.33
PROD0384,Skincare - Model 0384,Beauty,Skincare,Mid,177.74,121.06,0.3189,0.7,12.47
PROD0385,Kitchen - Model 0385,Home,Kitchen,Budget,4538.59,3980.8,0.1229,0.89,16.63
PROD0386,Sportswear - Model 0386,Apparel,Sportswear,Mid,2200.33,1524.39,0.3072,0.44,18.97
PROD0387,Decor - Model 0387,Home,Decor,Budget,2943.69,2688.47,0.0867,0.85,9.81
PROD0388,Decor - Model 0388,Home,Decor,Mid,12532.54,9193.87,0.2664,0.78,7.09
PROD0389,Sportswear - Model 0389,Apparel,Sportswear,Mid,2511.42,1664.07,0.3374,0.85,27.02
PROD0390,Kitchen - Model 0390,Home,Kitchen,Mid,11111.7,7269.27,0.3458,0.64,14.68
PROD0391,Wearables - Model 0391,Electronics,Wearables,Budget,9148.89,6990.67,0.2359,0.55,30.64
PROD0392,Tops - Model 0392,Apparel,Tops,Mid,2322.07,1660.51,0.2849,0.46,13.69
PROD0393,Makeup - Model 0393,Beauty,Makeup,Mid,1929.56,1394.49,0.2773,0.73,34.61
PROD0394,Bedding - Model 0394,Home,Bedding,Mid,2837.8,2047.76,0.2784,0.74,11.52
PROD0395,Decor - Model 0395,Home,Decor,Budget,4790.33,3627.24,0.2428,0.84,9.53
PROD0396,Bottoms - Model 0396,Apparel,Bottoms,Mid,2649.36,1846.34,0.3031,0.38,8.74
PROD0397,Organic - Model 0397,Grocery,Organic,Budget,285.89,257.39,0.0997,0.43,7.7
PROD0398,Makeup - Model 0398,Beauty,Makeup,Budget,466.52,405.13,0.1316,0.52,20.07
PROD0399,Wellness - Model 0399,Beauty,Wellness,Mid,2860.35,2231.07,0.22,0.78,15.03
PROD0400,Outerwear - Model 0400,Apparel,Outerwear,Mid,4482.2,2943.91,0.3432,0.77,27.52
PROD0401,Staples - Model 0401,Grocery,Staples,Budget,241.82,200.54,0.1707,0.62,27.79
PROD0402,Tops - Model 0402,Apparel,Tops,Mid,3907.03,2489.56,0.3628,0.44,26.51
PROD0403,Furniture - Model 0403,Home,Furniture,Mid,10862.83,7249.85,0.3326,0.64,34.59
PROD0404,Accessories - Model 0404,Electronics,Accessories,Budget,7334.31,6333.18,0.1365,0.63,16.44
PROD0405,Makeup - Model 0405,Beauty,Makeup,Budget,280.98,239.2,0.1487,0.3,29.22
PROD0406,Dairy - Model 0406,Grocery,Dairy,Budget,70.12,59.55,0.1508,0.74,13.12
PROD0407,Lighting - Model 0407,Home,Lighting,Mid,3181.05,1939.17,0.3904,0.41,27.5
PROD0408,Smartphones - Model 0408,Electronics,Smartphones,Budget,11910.2,8995.77,0.2447,0.85,21.54
PROD0409,Lighting - Model 0409,Home,Lighting,Mid,8670.09,5310.43,0.3875,0.66,34.79
PROD0410,Bedding - Model 0410,Home,Bedding,Budget,2659.17,2378.89,0.1054,0.78,28.59
PROD0411,Smartphones - Model 0411,Electronics,Smartphones,Budget,14176.37,12778.58,0.0986,0.6,32.93
PROD0412,Outerwear - Model 0412,Apparel,Outerwear,Budget,263.6,209.88,0.2038,0.87,19.99
PROD0413,Footwear - Model 0413,Apparel,Footwear,Mid,2749.49,1718.98,0.3748,0.71,17.66
PROD0414,Bedding - Model 0414,Home,Bedding,Budget,7048.77,5641.13,0.1997,0.63,16.19
PROD0415,Furniture - Model 0415,Home,Furniture,Mid,2841.16,1987.11,0.3006,0.51,12.99
PROD0416,Dairy - Model 0416,Grocery,Dairy,Budget,82.74,62.91,0.2397,0.78,29.26
PROD0417,Footwear - Model 0417,Apparel,Footwear,Mid,2970.09,1906.8,0.358,0.81,7.34
PROD0418,Audio - Model 0418,Electronics,Audio,Mid,18354.64,14634.15,0.2027,0.54,12.01
PROD0419,Snacks - Model 0419,Grocery,Snacks,Mid,434.8,264.1,0.3926,0.39,25.4
PROD0420,Lighting - Model 0420,Home,Lighting,Premium,20419.43,9311.26,0.544,0.49,11.99
PROD0421,Outerwear - Model 0421,Apparel,Outerwear,Premium,7045.56,3651.71,0.4817,0.22,8.13
PROD0422,Haircare - Model 0422,Beauty,Haircare,Mid,426.55,260.41,0.3895,0.55,15.28
PROD0423,Beverages - Model 0423,Grocery,Beverages,Premium,550.11,337.16,0.3871,0.17,4.57
PROD0424,Footwear - Model 0424,Apparel,Footwear,Budget,1442.83,1171.58,0.188,0.34,22.58
PROD0425,Furniture - Model 0425,Home,Furniture,Mid,3680.26,2491.9,0.3229,0.39,8.69
PROD0426,Fragrances - Model 0426,Beauty,Fragrances,Mid,440.97,315.6,0.2843,0.85,31.17
PROD0427,Bottoms - Model 0427,Apparel,Bottoms,Premium,5156.71,2449.95,0.5249,0.2,8.52
PROD0428,Fragrances - Model 0428,Beauty,Fragrances,Mid,1930.48,1516.59,0.2144,0.79,33.12
PROD0429,Skincare - Model 0429,Beauty,Skincare,Budget,538.85,433.77,0.195,0.48,30.87
PROD0430,Smartphones - Model 0430,Electronics,Smartphones,Budget,18504.35,16405.96,0.1134,0.39,28.39
PROD0431,Lighting - Model 0431,Home,Lighting,Budget,7089.23,5686.27,0.1979,0.6,10.85
PROD0432,Kitchen - Model 0432,Home,Kitchen,Premium,17129.39,9767.18,0.4298,0.48,3.54
PROD0433,Organic - Model 0433,Grocery,Organic,Mid,71.36,46.68,0.3458,0.36,12.11
PROD0434,Smartphones - Model 0434,Electronics,Smartphones,Premium,53018.8,29679.92,0.4402,0.34,12.27
PROD0435,Smartphones - Model 0435,Electronics,Smartphones,Budget,22907.84,18211.73,0.205,0.74,12.23
PROD0436,Skincare - Model 0436,Beauty,Skincare,Budget,882.83,709.88,0.1959,0.77,17.28
PROD0437,Lighting - Model 0437,Home,Lighting,Budget,3567.11,2780.21,0.2206,0.56,11.51
PROD0438,Tops - Model 0438,Apparel,Tops,Mid,2120.71,1487.89,0.2984,0.63,12.18
PROD0439,Accessories - Model 0439,Electronics,Accessories,Mid,19103.03,13370.21,0.3001,0.4,16.81
PROD0440,Laptops - Model 0440,Electronics,Laptops,Budget,2230.25,1808.06,0.1893,0.4,30.19
PROD0441,Bottoms - Model 0441,Apparel,Bottoms,Mid,4005.65,3004.24,0.25,0.38,14.48
PROD0442,Wearables - Model 0442,Electronics,Wearables,Mid,18372.31,13187.64,0.2822,0.73,12.37
PROD0443,Smartphones - Model 0443,Electronics,Smartphones,Premium,51178.8,27262.95,0.4673,0.15,14.28
PROD0444,Sportswear - Model 0444,Apparel,Sportswear,Premium,7248.26,3029.77,0.582,0.21,3.86
PROD0445,Snacks - Model 0445,Grocery,Snacks,Budget,77.28,60.86,0.2125,0.73,24.54
PROD0446,Accessories - Model 0446,Electronics,Accessories,Mid,4778.44,3481.09,0.2715,0.66,31.95
PROD0447,Sportswear - Model 0447,Apparel,Sportswear,Premium,5167.24,2510.76,0.5141,0.43,6.17
PROD0448,Accessories - Model 0448,Electronics,Accessories,Mid,17224.88,10760.38,0.3753,0.61,24.45
PROD0449,Furniture - Model 0449,Home,Furniture,Mid,9215.29,7339.06,0.2036,0.3,21.51
PROD0450,Tops - Model 0450,Apparel,Tops,Premium,6702.13,4224.35,0.3697,0.27,3.12
PROD0451,Beverages - Model 0451,Grocery,Beverages,Premium,814.62,392.4,0.5183,0.29,4.28
PROD0452,Organic - Model 0452,Grocery,Organic,Mid,303.19,203.62,0.3284,0.3,26.33
PROD0453,Audio - Model 0453,Electronics,Audio,Mid,40549.08,26077.11,0.3569,0.89,16.16
PROD0454,Kitchen - Model 0454,Home,Kitchen,Premium,20351.77,11108.0,0.4542,0.46,14.49
PROD0455,Beverages - Model 0455,Grocery,Beverages,Mid,100.85,70.94,0.2966,0.61,22.19
PROD0456,Tops - Model 0456,Apparel,Tops,Premium,6489.93,2735.51,0.5785,0.28,3.39
PROD0457,Outerwear - Model 0457,Apparel,Outerwear,Mid,3025.55,1969.33,0.3491,0.83,18.21
PROD0458,Fragrances - Model 0458,Beauty,Fragrances,Premium,3342.09,2115.21,0.3671,0.42,12.49
PROD0459,Smartphones - Model 0459,Electronics,Smartphones,Mid,18969.25,13610.44,0.2825,0.66,6.81
PROD0460,Smartphones - Model 0460,Electronics,Smartphones,Premium,56300.57,31370.68,0.4428,0.39,5.37
PROD0461,Kitchen - Model 0461,Home,Kitchen,Premium,12641.41,8096.82,0.3595,0.44,11.06
PROD0462,Wearables - Model 0462,Electronics,Wearables,Premium,73960.06,35204.99,0.524,0.36,6.63
PROD0463,Makeup - Model 0463,Beauty,Makeup,Budget,1098.88,885.7,0.194,0.32,10.53
PROD0464,Outerwear - Model 0464,Apparel,Outerwear,Premium,5266.64,3385.92,0.3571,0.12,3.03
PROD0465,Kitchen - Model 0465,Home,Kitchen,Mid,6341.75,4094.87,0.3543,0.38,9.73
PROD0466,Bedding - Model 0466,Home,Bedding,Budget,2669.23,2289.13,0.1424,0.55,14.68
PROD0467,Staples - Model 0467,Grocery,Staples,Mid,188.99,117.0,0.3809,0.49,25.95
PROD0468,Bedding - Model 0468,Home,Bedding,Budget,5607.86,5137.92,0.0838,0.34,32.67
PROD0469,Makeup - Model 0469,Beauty,Makeup,Premium,2967.42,1292.31,0.5645,0.16,13.21
PROD0470,Bedding - Model 0470,Home,Bedding,Budget,2145.75,1750.93,0.184,0.4,16.7
PROD0471,Outerwear - Model 0471,Apparel,Outerwear,Budget,1097.96,984.43,0.1034,0.68,31.21
PROD0472,Snacks - Model 0472,Grocery,Snacks,Premium,839.82,402.69,0.5205,0.34,13.17
PROD0473,Outerwear - Model 0473,Apparel,Outerwear,Budget,1307.21,1141.98,0.1264,0.74,31.83
PROD0474,Lighting - Model 0474,Home,Lighting,Mid,4651.68,2917.53,0.3728,0.67,12.02
PROD0475,Makeup - Model 0475,Beauty,Makeup,Mid,772.86,517.04,0.331,0.33,14.11
PROD0476,Tops - Model 0476,Apparel,Tops,Premium,7516.37,3618.38,0.5186,0.3,4.74
PROD0477,Outerwear - Model 0477,Apparel,Outerwear,Premium,5926.98,3246.8,0.4522,0.29,3.37
PROD0478,Outerwear - Model 0478,Apparel,Outerwear,Budget,2354.61,1995.77,0.1524,0.77,24.67
PROD0479,Fragrances - Model 0479,Beauty,Fragrances,Mid,1043.91,710.69,0.3192,0.65,32.71
PROD0480,Beverages - Model 0480,Grocery,Beverages,Budget,246.34,212.69,0.1366,0.43,22.15
PROD0481,Kitchen - Model 0481,Home,Kitchen,Mid,2964.59,1968.19,0.3361,0.72,11.4
PROD0482,Wellness - Model 0482,Beauty,Wellness,Mid,635.66,397.61,0.3745,0.81,30.09
PROD0483,Furniture - Model 0483,Home,Furniture,Budget,6382.53,4790.73,0.2494,0.87,16.49
PROD0484,Haircare - Model 0484,Beauty,Haircare,Mid,1560.13,996.77,0.3611,0.73,28.63
PROD0485,Laptops - Model 0485,Electronics,Laptops,Mid,47238.0,37166.86,0.2132,0.65,34.69
PROD0486,Fragrances - Model 0486,Beauty,Fragrances,Mid,241.46,192.13,0.2043,0.32,34.75
PROD0487,Makeup - Model 0487,Beauty,Makeup,Premium,3171.28,1898.65,0.4013,0.16,11.07
PROD0488,Footwear - Model 0488,Apparel,Footwear,Mid,1152.74,858.21,0.2555,0.51,28.56
PROD0489,Snacks - Model 0489,Grocery,Snacks,Mid,200.51,158.64,0.2088,0.43,32.05
PROD0490,Kitchen - Model 0490,Home,Kitchen,Mid,14040.59,9575.68,0.318,0.44,11.47
PROD0491,Outerwear - Model 0491,Apparel,Outerwear,Budget,359.21,293.58,0.1827,0.76,8.46
PROD0492,Footwear - Model 0492,Apparel,Footwear,Budget,2082.8,1619.79,0.2223,0.63,24.56
PROD0493,Furniture - Model 0493,Home,Furniture,Mid,8195.75,4994.49,0.3906,0.83,33.73
PROD0494,Haircare - Model 0494,Beauty,Haircare,Mid,453.79,301.09,0.3365,0.38,13.81
PROD0495,Wearables - Model 0495,Electronics,Wearables,Premium,70391.4,28536.67,0.5946,0.41,10.01
PROD0496,Tops - Model 0496,Apparel,Tops,Mid,2185.56,1604.86,0.2657,0.8,31.79
PROD0497,Skincare - Model 0497,Beauty,Skincare,Mid,1706.72,1168.42,0.3154,0.69,5.07
PROD0498,Staples - Model 0498,Grocery,Staples,Mid,307.05,193.96,0.3683,0.9,28.85
PROD0499,Dairy - Model 0499,Grocery,Dairy,Mid,182.2,110.63,0.3928,0.46,33.3
PROD0500,Decor - Model 0500,Home,Decor,Mid,14561.64,9141.8,0.3722,0.62,28.66
